{"cameraMode":{"drawMode":0,"name":"Shaded","section":"Shading Mode"},"sceneLighting":true,"audioPlay":false,"sceneViewState":{"showFog":true,"showMaterialUpdate":false,"showSkybox":true,"showFlares":true,"showImageEffects":true,"showParticleSystems":true},"in2DMode":false,"pivot":{"x":338.1247863769531,"y":194.83184814453126,"z":-588.3535766601563},"rotation":{"x":-0.3913600742816925,"y":0.0949818342924118,"z":-0.04065104201436043,"w":-0.9144196510314941},"size":1299.94921875,"orthographic":false}