{"cameraMode":{"drawMode":0,"name":"Shaded","section":"Shading Mode"},"sceneLighting":true,"audioPlay":false,"sceneViewState":{"showFog":true,"showMaterialUpdate":false,"showSkybox":true,"showFlares":true,"showImageEffects":true,"showParticleSystems":true},"in2DMode":false,"pivot":{"x":-2.177934408187866,"y":-3.846273422241211,"z":-1.5712032318115235},"rotation":{"x":-0.3277058005332947,"y":0.01133754663169384,"z":-0.003932643216103315,"w":-0.9447036385536194},"size":20.064550399780275,"orthographic":false}