{"cameraMode":{"drawMode":0,"name":"Shaded","section":"Shading Mode"},"sceneLighting":true,"audioPlay":false,"sceneViewState":{"showFog":true,"showMaterialUpdate":false,"showSkybox":true,"showFlares":true,"showImageEffects":true,"showParticleSystems":true},"in2DMode":false,"pivot":{"x":-2.583646297454834,"y":2.995077133178711,"z":3.2353973388671877},"rotation":{"x":-0.3497999906539917,"y":0.22175413370132447,"z":-0.08560191839933396,"w":-0.9061663746833801},"size":16.05520248413086,"orthographic":false}