{"cameraMode":{"drawMode":0,"name":"Shaded","section":"Shading Mode"},"sceneLighting":true,"audioPlay":false,"sceneViewState":{"showFog":true,"showMaterialUpdate":false,"showSkybox":true,"showFlares":true,"showImageEffects":true,"showParticleSystems":true},"in2DMode":false,"pivot":{"x":-0.038242340087890628,"y":-5.5667524337768559,"z":-3.0709333419799806},"rotation":{"x":-0.3384692370891571,"y":0.10135102272033692,"z":-0.03669748082756996,"w":-0.9347833395004273},"size":16.05520248413086,"orthographic":false}